Invoice(id=222127, customerId=1, amount=930881597.83, total=610860339.98)
Invoice(id=154022, customerId=2, amount=772536380.20, total=997108268.70)
Invoice(id=501559, customerId=3, amount=964554753.23, total=859189408.23)
Invoice(id=277702, customerId=4, amount=954930150.10, total=746495291.01)
Invoice(id=335022, customerId=5, amount=995846926.81, total=665959482.23)
Invoice(id=988096, customerId=6, amount=688672086.92, total=76639772.70)
Invoice(id=428267, customerId=7, amount=830542128.55, total=632974058.62)
Invoice(id=864950, customerId=8, amount=284438877.00, total=877216168.04)
Invoice(id=197505, customerId=9, amount=779291822.46, total=589299376.70)
Invoice(id=22202, customerId=10, amount=714520101.76, total=199124091.04)
Invoice(id=953303, customerId=11, amount=190783130.33, total=108275243.25)
Invoice(id=659519, customerId=12, amount=434373616.17, total=10645017.67)
Invoice(id=595942, customerId=13, amount=974081477.32, total=617626502.27)
Invoice(id=944503, customerId=14, amount=577643633.42, total=462995121.14)
Invoice(id=161949, customerId=15, amount=346188947.22, total=886577673.39)
Invoice(id=423874, customerId=16, amount=528416214.98, total=580881408.99)
Invoice(id=602376, customerId=17, amount=878047933.99, total=59802121.96)
Invoice(id=957204, customerId=18, amount=991661917.00, total=608436087.78)
Invoice(id=544122, customerId=19, amount=475767579.87, total=657545833.46)
Invoice(id=881869, customerId=20, amount=287372948.37, total=536684635.08)
Invoice(id=931162, customerId=21, amount=724684770.45, total=896282113.62)
Invoice(id=960553, customerId=22, amount=849253060.38, total=851295371.85)
Invoice(id=653153, customerId=23, amount=978255955.03, total=151342682.29)
Invoice(id=12980, customerId=24, amount=648829651.08, total=332433195.92)
Invoice(id=721895, customerId=25, amount=187905986.72, total=137143063.88)
Invoice(id=671289, customerId=26, amount=883471997.00, total=82737199.78)
Invoice(id=145990, customerId=27, amount=288246501.06, total=427477170.80)
Invoice(id=677558, customerId=28, amount=284637699.70, total=934968492.74)
Invoice(id=51661, customerId=29, amount=506032722.82, total=450916470.34)
Invoice(id=519957, customerId=30, amount=845159345.75, total=491600900.78)
Invoice(id=603798, customerId=31, amount=901546777.64, total=856923611.25)
Invoice(id=110890, customerId=32, amount=577929039.07, total=761345149.72)
Invoice(id=763140, customerId=33, amount=239697012.32, total=207344103.63)
Invoice(id=62674, customerId=34, amount=50271495.90, total=546118757.69)
Invoice(id=141831, customerId=35, amount=879283621.40, total=635985546.43)
Invoice(id=997164, customerId=36, amount=273857435.35, total=343634527.27)
Invoice(id=562518, customerId=37, amount=659888219.91, total=739130387.46)
Invoice(id=892310, customerId=38, amount=61337630.98, total=842933433.46)
Invoice(id=779655, customerId=39, amount=131787877.77, total=353814401.16)
Invoice(id=6689, customerId=40, amount=773980124.55, total=782406830.50)
Invoice(id=941093, customerId=41, amount=237059574.14, total=166448638.91)
Invoice(id=963773, customerId=42, amount=149099856.79, total=592277256.54)
Invoice(id=757179, customerId=43, amount=496988695.73, total=195116446.79)
Invoice(id=799634, customerId=44, amount=40714561.83, total=683132218.83)
Invoice(id=421570, customerId=45, amount=456183642.41, total=414421912.03)
Invoice(id=370942, customerId=46, amount=781290219.47, total=55498411.28)
Invoice(id=710326, customerId=47, amount=504484505.08, total=492758309.56)
Invoice(id=40276, customerId=48, amount=125262164.87, total=816183458.44)
Invoice(id=359267, customerId=49, amount=41207970.36, total=130234287.84)
Invoice(id=472036, customerId=50, amount=816464012.43, total=300105314.01)
Invoice(id=919707, customerId=51, amount=310403184.05, total=736092328.45)
Invoice(id=936919, customerId=52, amount=399969905.54, total=533899133.95)
Invoice(id=864853, customerId=53, amount=546487979.35, total=915047124.94)
Invoice(id=358124, customerId=54, amount=421549848.54, total=169832562.19)
Invoice(id=133898, customerId=55, amount=782773444.14, total=516677210.30)
Invoice(id=416186, customerId=56, amount=159980216.92, total=563261618.82)
Invoice(id=850441, customerId=57, amount=873481113.50, total=714222991.93)
Invoice(id=683398, customerId=58, amount=392384420.54, total=984487253.90)
Invoice(id=615684, customerId=59, amount=748116681.67, total=837964806.93)
Invoice(id=770573, customerId=60, amount=693017102.71, total=743172178.11)
Invoice(id=124845, customerId=61, amount=783922358.25, total=638572889.24)
Invoice(id=836982, customerId=62, amount=95059043.85, total=915610163.94)
Invoice(id=487367, customerId=63, amount=506718045.90, total=968484719.42)
Invoice(id=666430, customerId=64, amount=682374537.47, total=981390375.48)
Invoice(id=818659, customerId=65, amount=343185461.07, total=303185710.30)
Invoice(id=182054, customerId=66, amount=572844677.47, total=189532041.22)
Invoice(id=329886, customerId=67, amount=672130322.39, total=554823122.52)
Invoice(id=456736, customerId=68, amount=895257077.27, total=852229520.27)
Invoice(id=584219, customerId=69, amount=371683616.93, total=859277382.76)
Invoice(id=652416, customerId=70, amount=311241877.62, total=328768207.97)
Invoice(id=877219, customerId=71, amount=892737422.44, total=322226261.18)
Invoice(id=317681, customerId=72, amount=389172888.03, total=461907012.91)
Invoice(id=402773, customerId=73, amount=297882588.61, total=996135258.09)
Invoice(id=591296, customerId=74, amount=474408304.81, total=860774764.99)
Invoice(id=770420, customerId=75, amount=620608772.28, total=632421155.93)
Invoice(id=635840, customerId=76, amount=127380906.64, total=434903063.37)
Invoice(id=46303, customerId=77, amount=199979821.34, total=497430631.71)
Invoice(id=737544, customerId=78, amount=763605771.95, total=624056197.09)
Invoice(id=387901, customerId=79, amount=621685399.38, total=191212818.89)
Invoice(id=876490, customerId=80, amount=781133335.48, total=808712819.56)
Invoice(id=654130, customerId=81, amount=371315760.99, total=890011643.19)
Invoice(id=251010, customerId=82, amount=506918911.45, total=755221182.95)
Invoice(id=113707, customerId=83, amount=55342977.24, total=172232434.05)
Invoice(id=705879, customerId=84, amount=503691804.36, total=741947869.54)
Invoice(id=651492, customerId=85, amount=768884113.13, total=942966496.99)
Invoice(id=246095, customerId=86, amount=239225506.08, total=456305342.46)
Invoice(id=842683, customerId=87, amount=341239085.03, total=236577805.41)
Invoice(id=13947, customerId=88, amount=368763772.61, total=332103616.05)
Invoice(id=59848, customerId=89, amount=785385299.09, total=556739258.50)
Invoice(id=991448, customerId=90, amount=392502680.72, total=33668168.03)
Invoice(id=418693, customerId=91, amount=179128098.85, total=479451262.65)
Invoice(id=204869, customerId=92, amount=37355413.25, total=889939889.56)
Invoice(id=507413, customerId=93, amount=66895586.41, total=876194262.68)
Invoice(id=444357, customerId=94, amount=914442653.94, total=881472923.94)
Invoice(id=982363, customerId=95, amount=112667367.94, total=185754620.25)
Invoice(id=804974, customerId=96, amount=161879424.57, total=937147739.38)
Invoice(id=464763, customerId=97, amount=680569853.50, total=473417094.48)
Invoice(id=546562, customerId=98, amount=303683425.31, total=56277316.60)
Invoice(id=323624, customerId=99, amount=968888849.27, total=752852841.94)
Invoice(id=589854, customerId=100, amount=443521956.64, total=922220099.14)
Invoice(id=706149, customerId=101, amount=437179127.20, total=51254815.67)
Invoice(id=485652, customerId=102, amount=242865573.47, total=884337272.18)
Invoice(id=950666, customerId=103, amount=858904957.10, total=115812839.01)
Invoice(id=769523, customerId=104, amount=946805445.94, total=805382605.50)
Invoice(id=820609, customerId=105, amount=786251501.28, total=40272344.60)
Invoice(id=528841, customerId=106, amount=953923786.61, total=794078246.46)
Invoice(id=286165, customerId=107, amount=481575096.19, total=843828566.45)
Invoice(id=19808, customerId=108, amount=482653621.84, total=885806453.99)
Invoice(id=688637, customerId=109, amount=985316327.11, total=206150995.45)
Invoice(id=971476, customerId=110, amount=369915795.96, total=812135817.77)
Invoice(id=663445, customerId=111, amount=53106041.38, total=285087805.89)
Invoice(id=541655, customerId=112, amount=99190176.15, total=1164371.31)
Invoice(id=770224, customerId=113, amount=652633416.60, total=114536125.92)
Invoice(id=381148, customerId=114, amount=521363364.32, total=222673028.60)
Invoice(id=434757, customerId=115, amount=725065148.42, total=660580837.80)
Invoice(id=231063, customerId=116, amount=599250776.96, total=565325937.85)
Invoice(id=325875, customerId=117, amount=199889254.44, total=877866468.16)
Invoice(id=744755, customerId=118, amount=571364673.96, total=621094407.36)
Invoice(id=222249, customerId=119, amount=565227816.94, total=570768470.36)
Invoice(id=986111, customerId=120, amount=483729574.71, total=956923870.66)
Invoice(id=698929, customerId=121, amount=407797642.81, total=263453065.90)
Invoice(id=80834, customerId=122, amount=239758153.76, total=895304997.23)
Invoice(id=436400, customerId=123, amount=595863992.42, total=528391692.74)
Invoice(id=859432, customerId=124, amount=545665185.73, total=808916329.48)
Invoice(id=650289, customerId=125, amount=549128812.07, total=905223731.12)
Invoice(id=457882, customerId=126, amount=747839856.60, total=388089421.38)
Invoice(id=456527, customerId=127, amount=986615936.04, total=422700231.88)
Invoice(id=32359, customerId=128, amount=508205355.75, total=362110881.50)
Invoice(id=796843, customerId=129, amount=146808009.22, total=144228813.63)
Invoice(id=446594, customerId=130, amount=563692487.40, total=924194117.10)
Invoice(id=386884, customerId=131, amount=898598764.96, total=445520123.76)
Invoice(id=734584, customerId=132, amount=90814369.34, total=702493245.48)
Invoice(id=485470, customerId=133, amount=268177701.86, total=594335253.36)
Invoice(id=764098, customerId=134, amount=970032275.75, total=319674079.54)
Invoice(id=811032, customerId=135, amount=203764749.52, total=721801159.86)
Invoice(id=993937, customerId=136, amount=796437638.87, total=316192639.58)
Invoice(id=699173, customerId=137, amount=568033919.18, total=402589530.28)
Invoice(id=981279, customerId=138, amount=528162194.98, total=918785745.70)
Invoice(id=685564, customerId=139, amount=604289342.06, total=174630883.72)
Invoice(id=901965, customerId=140, amount=618200743.04, total=307279514.81)
Invoice(id=585271, customerId=141, amount=825119653.07, total=564463264.37)
Invoice(id=453670, customerId=142, amount=433651859.94, total=211495392.57)
Invoice(id=425061, customerId=143, amount=55925434.09, total=422602630.13)
Invoice(id=619936, customerId=144, amount=410057192.76, total=724666166.16)
Invoice(id=627167, customerId=145, amount=765520610.83, total=257163110.69)
Invoice(id=361779, customerId=146, amount=935504760.23, total=334468490.84)
Invoice(id=697832, customerId=147, amount=471319986.28, total=984367063.59)
Invoice(id=550919, customerId=148, amount=429415116.83, total=610572305.45)
Invoice(id=164734, customerId=149, amount=281770393.95, total=430690948.58)
Invoice(id=479774, customerId=150, amount=731290888.91, total=706417373.65)
Invoice(id=95178, customerId=151, amount=721319688.22, total=29922881.12)
Invoice(id=348856, customerId=152, amount=205078310.74, total=591593133.92)
Invoice(id=618676, customerId=153, amount=974234099.89, total=519962346.13)
Invoice(id=584849, customerId=154, amount=645355682.31, total=707306742.14)
Invoice(id=418637, customerId=155, amount=854749158.73, total=779278291.31)
Invoice(id=863221, customerId=156, amount=158631828.56, total=146787480.14)
Invoice(id=36899, customerId=157, amount=823157041.23, total=794940216.57)
Invoice(id=126948, customerId=158, amount=312335542.73, total=913147833.06)
Invoice(id=405402, customerId=159, amount=249599362.00, total=845522739.84)
Invoice(id=460032, customerId=160, amount=621478612.29, total=639519860.33)
Invoice(id=180107, customerId=161, amount=642667163.72, total=501528017.36)
Invoice(id=963602, customerId=162, amount=500421777.25, total=216138357.68)
Invoice(id=23611, customerId=163, amount=114460711.02, total=666357810.74)
Invoice(id=57238, customerId=164, amount=570936071.16, total=176557034.00)
Invoice(id=339326, customerId=165, amount=249229635.27, total=156182596.66)
Invoice(id=603263, customerId=166, amount=148520621.19, total=169571757.43)
Invoice(id=795152, customerId=167, amount=551956262.14, total=255301134.41)
Invoice(id=389676, customerId=168, amount=185560251.04, total=92914299.63)
Invoice(id=40007, customerId=169, amount=785862921.05, total=201649953.09)
Invoice(id=470402, customerId=170, amount=679512919.34, total=789090701.45)
Invoice(id=34828, customerId=171, amount=923773186.97, total=312850841.41)
Invoice(id=835070, customerId=172, amount=149921935.08, total=350915157.19)
Invoice(id=606702, customerId=173, amount=809469859.10, total=194297191.60)
Invoice(id=895542, customerId=174, amount=815450668.28, total=994831837.03)
Invoice(id=842515, customerId=175, amount=203982966.32, total=413300201.01)
Invoice(id=644876, customerId=176, amount=509968667.16, total=671358071.96)
Invoice(id=880564, customerId=177, amount=879840146.33, total=961291916.21)
Invoice(id=547888, customerId=178, amount=187041866.99, total=671919489.18)
Invoice(id=318328, customerId=179, amount=769261917.39, total=106341090.71)
Invoice(id=697453, customerId=180, amount=782463392.53, total=753662891.56)
Invoice(id=87893, customerId=181, amount=616874215.55, total=579530321.53)
Invoice(id=97665, customerId=182, amount=546198048.54, total=795478966.07)
Invoice(id=54916, customerId=183, amount=975545713.26, total=110274798.90)
Invoice(id=620687, customerId=184, amount=953976598.05, total=512772290.34)
Invoice(id=326851, customerId=185, amount=138843710.93, total=33764989.10)
Invoice(id=825173, customerId=186, amount=470187579.60, total=347504388.61)
Invoice(id=388911, customerId=187, amount=78453223.22, total=845758043.60)
Invoice(id=486757, customerId=188, amount=528480992.93, total=132279032.61)
Invoice(id=941360, customerId=189, amount=728271672.60, total=549455934.15)
Invoice(id=329883, customerId=190, amount=180696810.88, total=177239409.27)
Invoice(id=710326, customerId=191, amount=509103289.56, total=990728972.44)
Invoice(id=138935, customerId=192, amount=836360043.27, total=759682319.16)
Invoice(id=973912, customerId=193, amount=63712788.69, total=974682180.94)
Invoice(id=240781, customerId=194, amount=67159130.80, total=371967338.61)
Invoice(id=318240, customerId=195, amount=599346236.60, total=258351202.46)
Invoice(id=282029, customerId=196, amount=771551593.46, total=181705356.15)
Invoice(id=344492, customerId=197, amount=352201467.64, total=934034557.91)
Invoice(id=186181, customerId=198, amount=670806301.25, total=971099050.29)
Invoice(id=295404, customerId=199, amount=393627423.51, total=156443225.19)
Invoice(id=753092, customerId=200, amount=739578744.95, total=908261825.94)
Invoice(id=278021, customerId=201, amount=247651941.45, total=570742802.02)
Invoice(id=503816, customerId=202, amount=67857130.62, total=374547040.60)
Invoice(id=606882, customerId=203, amount=202796258.49, total=570244693.54)
Invoice(id=793905, customerId=204, amount=630981937.95, total=144228774.61)
Invoice(id=282875, customerId=205, amount=413039447.77, total=878804997.32)
Invoice(id=639505, customerId=206, amount=606265124.82, total=273643302.79)
Invoice(id=209731, customerId=207, amount=482688522.85, total=488775881.22)
Invoice(id=105717, customerId=208, amount=792303779.16, total=911627042.00)
Invoice(id=767185, customerId=209, amount=892116906.08, total=238879028.14)
Invoice(id=145442, customerId=210, amount=217968099.54, total=585317837.29)
Invoice(id=564832, customerId=211, amount=127800489.62, total=244165135.62)
Invoice(id=250508, customerId=212, amount=604519624.60, total=87083474.84)
Invoice(id=880793, customerId=213, amount=55069767.81, total=48379919.74)
Invoice(id=468411, customerId=214, amount=463492291.46, total=538431258.02)
Invoice(id=372834, customerId=215, amount=902510282.11, total=386736586.55)
Invoice(id=900912, customerId=216, amount=948547990.83, total=234395850.38)
Invoice(id=439816, customerId=217, amount=958255889.58, total=217262836.84)
Invoice(id=620793, customerId=218, amount=3686174.35, total=167521453.06)
Invoice(id=993911, customerId=219, amount=189856551.83, total=481829066.39)
Invoice(id=935701, customerId=220, amount=178398585.13, total=478134574.35)
Invoice(id=493958, customerId=221, amount=392930255.69, total=20537355.24)
Invoice(id=210790, customerId=222, amount=272810352.54, total=522189862.25)
Invoice(id=368618, customerId=223, amount=947231.70, total=546059382.68)
Invoice(id=754169, customerId=224, amount=379972171.11, total=476644364.71)
Invoice(id=754961, customerId=225, amount=972641887.15, total=300061089.96)
Invoice(id=427606, customerId=226, amount=995935335.50, total=662346354.32)
Invoice(id=148112, customerId=227, amount=985581324.14, total=655657723.00)
Invoice(id=692034, customerId=228, amount=127250452.83, total=287621455.46)
Invoice(id=622077, customerId=229, amount=384680498.74, total=503071827.69)
Invoice(id=573517, customerId=230, amount=628158518.35, total=314854468.78)
Invoice(id=876343, customerId=231, amount=769357526.68, total=868437817.81)
Invoice(id=201310, customerId=232, amount=23755195.08, total=914287965.13)
Invoice(id=51804, customerId=233, amount=636370309.78, total=867734584.47)
Invoice(id=944534, customerId=234, amount=517000129.30, total=372026658.06)
Invoice(id=934512, customerId=235, amount=230895492.29, total=632714700.53)
Invoice(id=888102, customerId=236, amount=174759128.02, total=516500421.84)
Invoice(id=910985, customerId=237, amount=669629780.11, total=10914920.01)
Invoice(id=921102, customerId=238, amount=988814194.77, total=63773582.28)
Invoice(id=653230, customerId=239, amount=246376735.09, total=466356196.20)
Invoice(id=160698, customerId=240, amount=902563551.75, total=868626789.65)
Invoice(id=95038, customerId=241, amount=194423609.46, total=843818180.15)
Invoice(id=476897, customerId=242, amount=884697437.00, total=236246139.73)
Invoice(id=105108, customerId=243, amount=705845705.79, total=307301483.36)
Invoice(id=372855, customerId=244, amount=995554660.22, total=643184552.69)
Invoice(id=69414, customerId=245, amount=338956818.95, total=309045914.38)
Invoice(id=877862, customerId=246, amount=73865350.34, total=574469803.18)
Invoice(id=112479, customerId=247, amount=151252335.25, total=304963171.17)
Invoice(id=982996, customerId=248, amount=798815091.14, total=669691247.82)
Invoice(id=386756, customerId=249, amount=868605381.41, total=168035457.10)
Invoice(id=364498, customerId=250, amount=114297718.30, total=846667356.89)
Invoice(id=558305, customerId=251, amount=929014213.14, total=250753876.14)
Invoice(id=391073, customerId=252, amount=394800196.75, total=415618064.14)
Invoice(id=706947, customerId=253, amount=327762466.19, total=889437682.69)
Invoice(id=571482, customerId=254, amount=306903901.09, total=939245846.38)
Invoice(id=186537, customerId=255, amount=962468975.29, total=837829622.02)
Invoice(id=160750, customerId=256, amount=509501787.12, total=310882424.98)
Invoice(id=942587, customerId=257, amount=122746417.01, total=441852501.30)
Invoice(id=740684, customerId=258, amount=459968890.06, total=919123366.66)
Invoice(id=214609, customerId=259, amount=706160321.28, total=752831692.79)
Invoice(id=996183, customerId=260, amount=639637123.78, total=824410481.07)
Invoice(id=966189, customerId=261, amount=541431725.80, total=785431292.09)
Invoice(id=484438, customerId=262, amount=972119452.56, total=575645028.29)
Invoice(id=439613, customerId=263, amount=464349465.49, total=392655296.74)
Invoice(id=896612, customerId=264, amount=603611870.31, total=707636799.80)
Invoice(id=228219, customerId=265, amount=493617998.39, total=493257814.52)
Invoice(id=637285, customerId=266, amount=860616360.70, total=948255860.28)
Invoice(id=292376, customerId=267, amount=300650119.06, total=386872757.20)
Invoice(id=133271, customerId=268, amount=491418619.47, total=211142835.35)
Invoice(id=178060, customerId=269, amount=835930505.18, total=881806822.00)
Invoice(id=892025, customerId=270, amount=872130472.18, total=802385706.84)
Invoice(id=168262, customerId=271, amount=864355206.69, total=533746901.44)
Invoice(id=565866, customerId=272, amount=187563559.68, total=404008222.10)
Invoice(id=258327, customerId=273, amount=56616679.40, total=124986142.21)
Invoice(id=8994, customerId=274, amount=113060009.02, total=860345420.00)
Invoice(id=776830, customerId=275, amount=953449197.13, total=341431161.85)
Invoice(id=93188, customerId=276, amount=198187298.31, total=967431019.22)
Invoice(id=390724, customerId=277, amount=674849154.71, total=82390380.72)
Invoice(id=515735, customerId=278, amount=757363798.63, total=714900077.82)
Invoice(id=406838, customerId=279, amount=388145974.44, total=434855902.49)
Invoice(id=891478, customerId=280, amount=286234088.38, total=742696977.62)
Invoice(id=427852, customerId=281, amount=118226456.97, total=735100247.46)
Invoice(id=581920, customerId=282, amount=124648221.37, total=195358560.36)
Invoice(id=311274, customerId=283, amount=994887091.47, total=365446217.40)
Invoice(id=990795, customerId=284, amount=550387387.08, total=987443591.39)
Invoice(id=853303, customerId=285, amount=257460931.27, total=623223584.68)
Invoice(id=770639, customerId=286, amount=790919579.26, total=263598392.95)
Invoice(id=30266, customerId=287, amount=52483945.67, total=670365545.82)
Invoice(id=841776, customerId=288, amount=463228608.18, total=778174044.73)
Invoice(id=793497, customerId=289, amount=444233053.84, total=138772731.98)
Invoice(id=247162, customerId=290, amount=263230364.07, total=877547742.55)
Invoice(id=708463, customerId=291, amount=920561091.40, total=481688391.24)
Invoice(id=773352, customerId=292, amount=463253945.22, total=529736581.05)
Invoice(id=758744, customerId=293, amount=93174449.20, total=858737750.93)
Invoice(id=783720, customerId=294, amount=522339110.08, total=412368416.89)
Invoice(id=800264, customerId=295, amount=915806279.83, total=639761574.06)
Invoice(id=760972, customerId=296, amount=61297907.02, total=56863767.35)
Invoice(id=753478, customerId=297, amount=658121601.95, total=298176920.31)
Invoice(id=876606, customerId=298, amount=327992321.42, total=325394201.42)
Invoice(id=756531, customerId=299, amount=92594520.46, total=223519062.70)
Invoice(id=596917, customerId=300, amount=657510463.35, total=886992802.60)
Invoice(id=316615, customerId=301, amount=222849707.17, total=732840724.03)
Invoice(id=276659, customerId=302, amount=315733338.25, total=432374061.84)
Invoice(id=641197, customerId=303, amount=608064217.20, total=703829169.75)
Invoice(id=99964, customerId=304, amount=455160276.47, total=149974110.09)
Invoice(id=541665, customerId=305, amount=150474440.16, total=438722618.73)
Invoice(id=917063, customerId=306, amount=244888819.49, total=71129529.42)
Invoice(id=361281, customerId=307, amount=284443628.44, total=556639759.25)
Invoice(id=167113, customerId=308, amount=735600494.43, total=992474008.84)
Invoice(id=620512, customerId=309, amount=605313259.17, total=494719009.91)
Invoice(id=789352, customerId=310, amount=573957807.51, total=815687057.39)
Invoice(id=192, customerId=311, amount=382835347.52, total=783156776.18)
Invoice(id=202910, customerId=312, amount=987448275.03, total=949843646.70)
Invoice(id=446498, customerId=313, amount=598062784.09, total=203450598.02)
Invoice(id=515092, customerId=314, amount=21845796.97, total=414823815.56)
Invoice(id=688374, customerId=315, amount=950532439.35, total=973791269.58)
Invoice(id=206401, customerId=316, amount=340416822.26, total=605438729.59)
Invoice(id=191113, customerId=317, amount=63270056.43, total=862180979.32)
Invoice(id=368891, customerId=318, amount=128118804.51, total=544610176.16)
Invoice(id=859572, customerId=319, amount=31599934.22, total=408532410.93)
Invoice(id=699554, customerId=320, amount=388001481.04, total=233355506.30)
Invoice(id=406395, customerId=321, amount=43383897.72, total=647794613.94)
Invoice(id=544368, customerId=322, amount=320479251.73, total=758405551.95)
Invoice(id=7517, customerId=323, amount=494033583.02, total=568573837.74)
Invoice(id=745285, customerId=324, amount=223725711.38, total=665024433.14)
Invoice(id=835376, customerId=325, amount=953682939.99, total=388078881.46)
Invoice(id=243776, customerId=326, amount=498655892.95, total=365849731.25)
Invoice(id=621223, customerId=327, amount=945132576.04, total=480710035.40)
Invoice(id=268765, customerId=328, amount=841857912.37, total=973993578.61)
Invoice(id=306568, customerId=329, amount=219407988.95, total=665611279.45)
Invoice(id=250449, customerId=330, amount=185264204.63, total=333074894.89)
Invoice(id=555305, customerId=331, amount=544561522.39, total=663556304.93)
Invoice(id=998523, customerId=332, amount=614713341.49, total=102927692.81)
Invoice(id=595924, customerId=333, amount=224455486.29, total=865097221.00)
Invoice(id=615441, customerId=334, amount=343733630.06, total=638644861.24)
Invoice(id=548011, customerId=335, amount=275150961.13, total=853941912.81)
Invoice(id=903689, customerId=336, amount=537908571.36, total=652893689.94)
Invoice(id=466303, customerId=337, amount=612920766.08, total=313550904.00)
Invoice(id=409198, customerId=338, amount=278291805.62, total=873562142.47)
Invoice(id=539689, customerId=339, amount=453162022.27, total=621899751.65)
Invoice(id=38575, customerId=340, amount=307845941.00, total=785678329.05)
Invoice(id=838647, customerId=341, amount=435579822.48, total=47399240.41)
Invoice(id=117428, customerId=342, amount=775537901.96, total=330609318.87)
Invoice(id=553087, customerId=343, amount=639670542.92, total=137980650.73)
Invoice(id=43480, customerId=344, amount=633442729.19, total=830443238.79)
Invoice(id=261860, customerId=345, amount=701335172.15, total=311012480.02)
Invoice(id=371184, customerId=346, amount=834064759.20, total=91642272.24)
Invoice(id=641419, customerId=347, amount=37436750.40, total=955106221.76)
Invoice(id=756154, customerId=348, amount=670306512.11, total=492037867.16)
Invoice(id=784782, customerId=349, amount=790981613.53, total=95416924.09)
Invoice(id=932352, customerId=350, amount=817614541.55, total=571436372.86)
Invoice(id=653610, customerId=351, amount=388199882.26, total=848993092.48)
Invoice(id=872172, customerId=352, amount=956915525.77, total=824272445.55)
Invoice(id=523191, customerId=353, amount=217697917.96, total=92578266.14)
Invoice(id=112047, customerId=354, amount=74824981.59, total=677216906.79)
Invoice(id=490705, customerId=355, amount=297053017.31, total=286255641.22)
Invoice(id=573149, customerId=356, amount=740313218.32, total=852956314.12)
Invoice(id=142298, customerId=357, amount=212294629.30, total=542307241.35)
Invoice(id=429962, customerId=358, amount=790170123.19, total=314726515.81)
Invoice(id=152564, customerId=359, amount=503028143.42, total=640638695.47)
Invoice(id=396755, customerId=360, amount=453821148.45, total=523972751.70)
Invoice(id=709891, customerId=361, amount=100642579.68, total=344308510.29)
Invoice(id=654993, customerId=362, amount=838220497.81, total=213181089.48)
Invoice(id=769902, customerId=363, amount=624528698.81, total=942399572.39)
Invoice(id=241870, customerId=364, amount=581071856.90, total=944646954.29)
Invoice(id=903471, customerId=365, amount=631788143.78, total=226281190.42)
Invoice(id=416358, customerId=366, amount=766548413.41, total=916409176.91)
Invoice(id=499616, customerId=367, amount=373764534.90, total=271606261.94)
Invoice(id=873919, customerId=368, amount=481384526.35, total=997643077.28)
Invoice(id=689685, customerId=369, amount=785936211.24, total=811953959.18)
Invoice(id=741076, customerId=370, amount=845934258.73, total=360107627.67)
Invoice(id=586678, customerId=371, amount=317303967.92, total=696794506.14)
Invoice(id=261481, customerId=372, amount=886784125.67, total=16460844.61)
Invoice(id=692495, customerId=373, amount=60708945.34, total=384702569.25)
Invoice(id=73199, customerId=374, amount=237915050.20, total=716490081.83)
Invoice(id=81910, customerId=375, amount=857249196.85, total=89186502.63)
Invoice(id=38181, customerId=376, amount=134673018.65, total=319529425.41)
Invoice(id=280716, customerId=377, amount=491748409.03, total=508201046.38)
Invoice(id=272727, customerId=378, amount=937431775.64, total=763290302.78)
Invoice(id=773573, customerId=379, amount=455189035.58, total=425899909.36)
Invoice(id=560010, customerId=380, amount=200229093.74, total=631083785.64)
Invoice(id=975203, customerId=381, amount=668766860.19, total=184147740.48)
Invoice(id=163343, customerId=382, amount=83882224.55, total=192211537.20)
Invoice(id=843781, customerId=383, amount=458872040.26, total=218153552.50)
Invoice(id=333800, customerId=384, amount=147651309.42, total=561647420.97)
Invoice(id=915585, customerId=385, amount=25842163.70, total=298269630.85)
Invoice(id=216345, customerId=386, amount=679623216.09, total=316539019.15)
Invoice(id=195002, customerId=387, amount=498633087.33, total=82537547.12)
Invoice(id=101618, customerId=388, amount=259893038.88, total=89747623.52)
Invoice(id=99281, customerId=389, amount=355356778.16, total=348924606.80)
Invoice(id=714510, customerId=390, amount=657332896.38, total=836582547.58)
Invoice(id=553143, customerId=391, amount=182226568.58, total=162861593.16)
Invoice(id=825347, customerId=392, amount=324660974.01, total=990687114.22)
Invoice(id=765570, customerId=393, amount=551207954.06, total=885808859.74)
Invoice(id=88584, customerId=394, amount=636245779.72, total=667913378.50)
Invoice(id=259778, customerId=395, amount=63146679.38, total=853264882.04)
Invoice(id=712, customerId=396, amount=37109545.59, total=818813012.74)
Invoice(id=326305, customerId=397, amount=692958252.41, total=687116292.25)
Invoice(id=769693, customerId=398, amount=588795402.02, total=128653616.96)
Invoice(id=396971, customerId=399, amount=871644255.37, total=951756313.89)
Invoice(id=951717, customerId=400, amount=574050824.08, total=681212804.53)
Invoice(id=975283, customerId=401, amount=87962250.29, total=158826666.79)
Invoice(id=458634, customerId=402, amount=599971175.86, total=241192644.56)
Invoice(id=639091, customerId=403, amount=335597230.60, total=525965113.85)
Invoice(id=161937, customerId=404, amount=75597443.41, total=277768164.54)
Invoice(id=367666, customerId=405, amount=133646973.98, total=740268126.66)
Invoice(id=148673, customerId=406, amount=302502940.63, total=718462104.76)
Invoice(id=514819, customerId=407, amount=560953977.23, total=236000197.28)
Invoice(id=85021, customerId=408, amount=100315115.29, total=104400169.46)
Invoice(id=174756, customerId=409, amount=359130193.90, total=783661839.23)
Invoice(id=504938, customerId=410, amount=628912141.19, total=94874363.58)
Invoice(id=927833, customerId=411, amount=515330573.18, total=344016093.38)
Invoice(id=262393, customerId=412, amount=316351968.29, total=982359387.25)
Invoice(id=410172, customerId=413, amount=286185128.90, total=389253888.64)
Invoice(id=553229, customerId=414, amount=217552976.38, total=630837655.67)
Invoice(id=80841, customerId=415, amount=454355315.02, total=667665657.12)
Invoice(id=25204, customerId=416, amount=193396958.34, total=314629062.66)
Invoice(id=973034, customerId=417, amount=991550759.22, total=449535570.75)
Invoice(id=307640, customerId=418, amount=741966286.05, total=491510201.00)
Invoice(id=972083, customerId=419, amount=765062420.06, total=134655444.81)
Invoice(id=844919, customerId=420, amount=740916774.51, total=923246165.16)
Invoice(id=2674, customerId=421, amount=945777907.90, total=882389265.55)
Invoice(id=892693, customerId=422, amount=891363665.59, total=270371292.06)
Invoice(id=48587, customerId=423, amount=992805669.12, total=776179656.53)
Invoice(id=925757, customerId=424, amount=800201647.51, total=638987949.58)
Invoice(id=505915, customerId=425, amount=451001536.84, total=329715625.06)
Invoice(id=381107, customerId=426, amount=405972311.96, total=285469681.53)
Invoice(id=910671, customerId=427, amount=553088011.29, total=364227074.06)
Invoice(id=275411, customerId=428, amount=495429996.69, total=147850074.97)
Invoice(id=144396, customerId=429, amount=290162359.41, total=992735212.10)
Invoice(id=44963, customerId=430, amount=550663667.82, total=375422103.62)
Invoice(id=662011, customerId=431, amount=874225066.36, total=89249784.90)
Invoice(id=413165, customerId=432, amount=352967907.29, total=963225382.84)
Invoice(id=27766, customerId=433, amount=493786682.78, total=758891208.34)
Invoice(id=873190, customerId=434, amount=731497840.79, total=411788407.73)
Invoice(id=168317, customerId=435, amount=550727253.21, total=815694802.31)
Invoice(id=556276, customerId=436, amount=622341909.85, total=606220223.16)
Invoice(id=148020, customerId=437, amount=346127019.32, total=92372584.77)
Invoice(id=648909, customerId=438, amount=215992697.55, total=698778488.74)
Invoice(id=274655, customerId=439, amount=875545395.38, total=234129516.14)
Invoice(id=340111, customerId=440, amount=276143623.44, total=916936873.38)
Invoice(id=619824, customerId=441, amount=499012134.64, total=285035534.11)
Invoice(id=309870, customerId=442, amount=675144298.76, total=950662174.41)
Invoice(id=880417, customerId=443, amount=286050772.44, total=354456429.23)
Invoice(id=234425, customerId=444, amount=499931391.20, total=960824972.26)
Invoice(id=983131, customerId=445, amount=149610415.49, total=907221825.39)
Invoice(id=38284, customerId=446, amount=637287791.84, total=300560063.60)
Invoice(id=90413, customerId=447, amount=123146315.39, total=10692566.62)
Invoice(id=135681, customerId=448, amount=222774590.52, total=418768095.50)
Invoice(id=571543, customerId=449, amount=933542330.73, total=513157566.78)
Invoice(id=351016, customerId=450, amount=116843261.24, total=954595652.97)
Invoice(id=519332, customerId=451, amount=847209899.63, total=321011045.77)
Invoice(id=286902, customerId=452, amount=465639229.13, total=380723627.43)
Invoice(id=570889, customerId=453, amount=19187562.00, total=457895175.33)
Invoice(id=209356, customerId=454, amount=860505459.93, total=540852739.34)
Invoice(id=383325, customerId=455, amount=895630298.13, total=184336104.15)
Invoice(id=664539, customerId=456, amount=87396326.90, total=916038826.51)
Invoice(id=283956, customerId=457, amount=584292249.93, total=624185549.02)
Invoice(id=833099, customerId=458, amount=268450638.88, total=257416339.15)
Invoice(id=112936, customerId=459, amount=330259986.94, total=672310803.67)
Invoice(id=859068, customerId=460, amount=902443106.69, total=124733514.98)
Invoice(id=5782, customerId=461, amount=147232671.43, total=283783965.54)
Invoice(id=453524, customerId=462, amount=53450025.94, total=782425604.01)
Invoice(id=805720, customerId=463, amount=996789160.93, total=371556556.27)
Invoice(id=553103, customerId=464, amount=666415740.50, total=909123669.27)
Invoice(id=209502, customerId=465, amount=265454827.47, total=507219003.89)
Invoice(id=291020, customerId=466, amount=24071917.55, total=422502903.30)
Invoice(id=142350, customerId=467, amount=457121953.19, total=339214102.16)
Invoice(id=104809, customerId=468, amount=452614655.12, total=482479521.81)
Invoice(id=124057, customerId=469, amount=939693995.03, total=539500907.86)
Invoice(id=461001, customerId=470, amount=408836641.54, total=664113388.09)
Invoice(id=767889, customerId=471, amount=809993254.72, total=243359091.21)
Invoice(id=714183, customerId=472, amount=715690379.88, total=789631932.70)
Invoice(id=865945, customerId=473, amount=952769878.43, total=124617469.67)
Invoice(id=96487, customerId=474, amount=975581447.88, total=819586101.24)
Invoice(id=455624, customerId=475, amount=798199349.54, total=597406785.14)
Invoice(id=952171, customerId=476, amount=625778437.30, total=196002222.74)
Invoice(id=973419, customerId=477, amount=536122209.89, total=117621568.92)
Invoice(id=545280, customerId=478, amount=140410745.56, total=344248397.07)
Invoice(id=40609, customerId=479, amount=386549434.92, total=378777545.78)
Invoice(id=568992, customerId=480, amount=101023392.53, total=723455624.64)
Invoice(id=850983, customerId=481, amount=750242125.31, total=168330754.01)
Invoice(id=14476, customerId=482, amount=113377762.59, total=6862233.40)
Invoice(id=539254, customerId=483, amount=937266698.98, total=977460191.95)
Invoice(id=713643, customerId=484, amount=267281139.58, total=826494073.83)
Invoice(id=140332, customerId=485, amount=664718453.05, total=497807053.57)
Invoice(id=820108, customerId=486, amount=585725649.30, total=136010798.50)
Invoice(id=557097, customerId=487, amount=843314064.63, total=822511700.63)
Invoice(id=596206, customerId=488, amount=434799425.33, total=760796130.27)
Invoice(id=838148, customerId=489, amount=507548721.31, total=458491858.98)
Invoice(id=873766, customerId=490, amount=439781752.77, total=164721991.70)
Invoice(id=578139, customerId=491, amount=887849545.76, total=170282556.10)
Invoice(id=984402, customerId=492, amount=857946764.18, total=489152562.01)
Invoice(id=997827, customerId=493, amount=279371647.16, total=184670434.17)
Invoice(id=21367, customerId=494, amount=75735738.86, total=493519950.74)
Invoice(id=587994, customerId=495, amount=147089834.04, total=515015495.02)
Invoice(id=473960, customerId=496, amount=234165402.89, total=675918091.43)
Invoice(id=200466, customerId=497, amount=156032035.94, total=106959970.56)
Invoice(id=591106, customerId=498, amount=876818425.99, total=208479709.14)
Invoice(id=320915, customerId=499, amount=336747958.61, total=165861928.77)
Invoice(id=945410, customerId=500, amount=516247792.23, total=693306470.74)
Invoice(id=820016, customerId=501, amount=419298507.05, total=781577010.57)
Invoice(id=244325, customerId=502, amount=614699872.88, total=908109441.44)
Invoice(id=850624, customerId=503, amount=574743505.17, total=959318679.34)
Invoice(id=77229, customerId=504, amount=210268560.67, total=86089142.74)
Invoice(id=708634, customerId=505, amount=831414630.54, total=406038782.02)
Invoice(id=765532, customerId=506, amount=91667876.54, total=798398239.37)
Invoice(id=958137, customerId=507, amount=503972665.69, total=627060110.68)
Invoice(id=94195, customerId=508, amount=470429087.24, total=394326196.08)
Invoice(id=331652, customerId=509, amount=156852617.15, total=925536863.51)
Invoice(id=454452, customerId=510, amount=431041901.03, total=438710455.50)
Invoice(id=734687, customerId=511, amount=283645498.06, total=703537323.37)
Invoice(id=315131, customerId=512, amount=304152238.29, total=213245380.94)
Invoice(id=290588, customerId=513, amount=828982301.73, total=372095791.20)
Invoice(id=95090, customerId=514, amount=472312254.48, total=31897001.91)
Invoice(id=171138, customerId=515, amount=510015756.26, total=462351219.59)
Invoice(id=690674, customerId=516, amount=184064084.60, total=829509681.47)
Invoice(id=937476, customerId=517, amount=952376340.18, total=294049368.39)
Invoice(id=495127, customerId=518, amount=701903114.44, total=302518889.34)
Invoice(id=82285, customerId=519, amount=684404344.31, total=947071117.84)
Invoice(id=983853, customerId=520, amount=131436448.93, total=955078243.37)
Invoice(id=31853, customerId=521, amount=528390792.08, total=967492889.87)
Invoice(id=399480, customerId=522, amount=942133135.24, total=776997058.41)
Invoice(id=288513, customerId=523, amount=967842372.45, total=60724939.54)
Invoice(id=831599, customerId=524, amount=117308172.16, total=841409219.78)
Invoice(id=959512, customerId=525, amount=33529078.58, total=109547012.83)
Invoice(id=392915, customerId=526, amount=928813620.18, total=95997992.88)
Invoice(id=540654, customerId=527, amount=697069287.50, total=228734188.51)
Invoice(id=416652, customerId=528, amount=540092126.04, total=861928838.77)
Invoice(id=424000, customerId=529, amount=644856748.42, total=771027262.34)
Invoice(id=55781, customerId=530, amount=391810087.90, total=277300540.05)
Invoice(id=449988, customerId=531, amount=926914488.99, total=300395953.86)
Invoice(id=849240, customerId=532, amount=608798497.08, total=237828275.99)
Invoice(id=22337, customerId=533, amount=634822776.59, total=937465656.40)
Invoice(id=466106, customerId=534, amount=190279857.66, total=920700665.97)
Invoice(id=81652, customerId=535, amount=763287441.30, total=416555831.78)
Invoice(id=464866, customerId=536, amount=382578789.26, total=809528019.52)
Invoice(id=63486, customerId=537, amount=857994082.76, total=925588814.38)
Invoice(id=602814, customerId=538, amount=859876780.60, total=78940631.98)
Invoice(id=403505, customerId=539, amount=378884606.36, total=626254707.07)
Invoice(id=284853, customerId=540, amount=762262686.48, total=61481752.77)
Invoice(id=314070, customerId=541, amount=808465858.77, total=777017670.97)
Invoice(id=22922, customerId=542, amount=600397244.30, total=215781838.07)
Invoice(id=729682, customerId=543, amount=322436491.64, total=260788500.34)
Invoice(id=653824, customerId=544, amount=421325085.85, total=692975583.17)
Invoice(id=352178, customerId=545, amount=234889919.84, total=255220969.61)
Invoice(id=781113, customerId=546, amount=664045170.33, total=690056389.62)
Invoice(id=188404, customerId=547, amount=537930937.11, total=138211008.32)
Invoice(id=364014, customerId=548, amount=402664260.93, total=198411418.13)
Invoice(id=450628, customerId=549, amount=584265393.55, total=132621326.74)
Invoice(id=736466, customerId=550, amount=669906953.30, total=817558278.52)
Invoice(id=54647, customerId=551, amount=953450926.64, total=143646238.39)
Invoice(id=679961, customerId=552, amount=411032787.50, total=282134234.60)
Invoice(id=26763, customerId=553, amount=56904013.37, total=832927846.78)
Invoice(id=997549, customerId=554, amount=172139941.12, total=907287203.35)
Invoice(id=628595, customerId=555, amount=976071935.74, total=664981106.40)
Invoice(id=579985, customerId=556, amount=375541114.74, total=545192396.12)
Invoice(id=751361, customerId=557, amount=438614151.78, total=156890025.78)
Invoice(id=342718, customerId=558, amount=474118855.78, total=287944428.06)
Invoice(id=723001, customerId=559, amount=589794938.73, total=399364204.31)
Invoice(id=793004, customerId=560, amount=289271223.99, total=463537447.16)
Invoice(id=634316, customerId=561, amount=66062228.30, total=586254180.37)
Invoice(id=438688, customerId=562, amount=604246117.65, total=521540617.10)
Invoice(id=406217, customerId=563, amount=927804084.39, total=778039913.52)
Invoice(id=628419, customerId=564, amount=726100802.32, total=405788311.63)
Invoice(id=476781, customerId=565, amount=16119883.87, total=490983675.52)
Invoice(id=894451, customerId=566, amount=786371001.17, total=972191496.08)
Invoice(id=93809, customerId=567, amount=455502870.57, total=652696221.07)
Invoice(id=660155, customerId=568, amount=161932737.80, total=986606838.92)
Invoice(id=124775, customerId=569, amount=577696977.15, total=260789519.37)
Invoice(id=15347, customerId=570, amount=732206772.79, total=283568205.06)
Invoice(id=215436, customerId=571, amount=684152484.25, total=436040927.27)
Invoice(id=166156, customerId=572, amount=258249550.52, total=946215840.60)
Invoice(id=522259, customerId=573, amount=330411507.46, total=737181582.83)
Invoice(id=492428, customerId=574, amount=845391430.06, total=167962751.48)
Invoice(id=255768, customerId=575, amount=264976724.61, total=184212113.93)
Invoice(id=714775, customerId=576, amount=998074348.70, total=511137904.73)
Invoice(id=872351, customerId=577, amount=497716059.55, total=433204194.76)
Invoice(id=724792, customerId=578, amount=891522853.52, total=180612302.18)
Invoice(id=312076, customerId=579, amount=971763428.55, total=446579405.36)
Invoice(id=907632, customerId=580, amount=40445693.66, total=847112322.68)
Invoice(id=682751, customerId=581, amount=626344685.46, total=234109167.12)
Invoice(id=759846, customerId=582, amount=936824988.11, total=407180958.10)
Invoice(id=360352, customerId=583, amount=261613472.03, total=296762041.79)
Invoice(id=862892, customerId=584, amount=77719216.30, total=722807202.81)
Invoice(id=366232, customerId=585, amount=533742163.17, total=985755811.95)
Invoice(id=462732, customerId=586, amount=670246077.67, total=34084780.99)
Invoice(id=910620, customerId=587, amount=410229988.65, total=624179345.11)
Invoice(id=413713, customerId=588, amount=857449854.79, total=376011606.42)
Invoice(id=886654, customerId=589, amount=598759998.60, total=305151501.19)
Invoice(id=495356, customerId=590, amount=734594651.90, total=873523374.39)
Invoice(id=469253, customerId=591, amount=384154498.74, total=722532138.95)
Invoice(id=665350, customerId=592, amount=987495834.67, total=755871706.14)
Invoice(id=718455, customerId=593, amount=135054971.81, total=624142615.95)
Invoice(id=852290, customerId=594, amount=463462219.34, total=816676640.11)
Invoice(id=368997, customerId=595, amount=425024934.14, total=426252330.25)
Invoice(id=136594, customerId=596, amount=172230335.78, total=388729776.11)
Invoice(id=692, customerId=597, amount=972546452.94, total=358710863.41)
Invoice(id=778424, customerId=598, amount=255756505.86, total=749892674.30)
Invoice(id=968239, customerId=599, amount=825225302.07, total=835299774.33)
Invoice(id=224609, customerId=600, amount=856544652.88, total=156189929.48)
Invoice(id=115531, customerId=601, amount=238030696.56, total=106370939.82)
Invoice(id=769040, customerId=602, amount=69338390.72, total=124088675.32)
Invoice(id=869924, customerId=603, amount=897765747.09, total=619877027.34)
Invoice(id=566714, customerId=604, amount=892937511.78, total=736655867.63)
Invoice(id=860640, customerId=605, amount=95778045.51, total=415135448.42)
Invoice(id=147169, customerId=606, amount=649318333.93, total=433979280.93)
Invoice(id=1279, customerId=607, amount=597441093.80, total=880441883.29)
Invoice(id=348331, customerId=608, amount=732014012.74, total=797682625.74)
Invoice(id=950551, customerId=609, amount=790767988.28, total=737332435.09)
Invoice(id=164005, customerId=610, amount=821006876.62, total=974183630.92)
Invoice(id=185835, customerId=611, amount=521727010.24, total=53082683.13)
Invoice(id=284746, customerId=612, amount=992357003.94, total=266409654.44)
Invoice(id=452546, customerId=613, amount=67790012.89, total=931005260.45)
Invoice(id=862639, customerId=614, amount=797587687.30, total=329443786.33)
Invoice(id=561535, customerId=615, amount=461193489.46, total=856282855.22)
Invoice(id=955878, customerId=616, amount=254552432.92, total=234105446.83)
Invoice(id=913203, customerId=617, amount=141005998.10, total=943060203.05)
Invoice(id=119450, customerId=618, amount=77203071.83, total=442884497.91)
Invoice(id=157, customerId=619, amount=209956628.75, total=666734929.37)
Invoice(id=612154, customerId=620, amount=591114666.27, total=157350400.85)
Invoice(id=196458, customerId=621, amount=516772607.09, total=476461031.44)
Invoice(id=328064, customerId=622, amount=101472553.61, total=440823087.53)
Invoice(id=561931, customerId=623, amount=547095777.82, total=254583091.92)
Invoice(id=744164, customerId=624, amount=159278526.54, total=257162821.77)
Invoice(id=687187, customerId=625, amount=659789546.48, total=855671108.86)
Invoice(id=284246, customerId=626, amount=531398695.71, total=549439334.52)
Invoice(id=597669, customerId=627, amount=81946824.74, total=102855031.23)
Invoice(id=97931, customerId=628, amount=559905755.18, total=977431733.73)
Invoice(id=943133, customerId=629, amount=900478167.77, total=533764398.02)
Invoice(id=527720, customerId=630, amount=590680671.99, total=81765411.48)
Invoice(id=747280, customerId=631, amount=654213272.24, total=947421810.21)
Invoice(id=480016, customerId=632, amount=409335604.62, total=506005270.90)
Invoice(id=966015, customerId=633, amount=18722430.09, total=154439832.51)
Invoice(id=913105, customerId=634, amount=765068945.43, total=641045366.64)
Invoice(id=242790, customerId=635, amount=623167119.51, total=158824300.11)
Invoice(id=33843, customerId=636, amount=798951895.46, total=118877324.74)
Invoice(id=334753, customerId=637, amount=981244866.99, total=478842331.99)
Invoice(id=629407, customerId=638, amount=939680464.54, total=180885030.13)
Invoice(id=897785, customerId=639, amount=895771378.97, total=206590750.33)
Invoice(id=703017, customerId=640, amount=804584410.40, total=916571333.01)
Invoice(id=862987, customerId=641, amount=796971638.71, total=226406185.57)
Invoice(id=156322, customerId=642, amount=721024770.79, total=67398187.80)
Invoice(id=893490, customerId=643, amount=956091138.22, total=524383391.63)
Invoice(id=838576, customerId=644, amount=6810169.75, total=746108484.33)
Invoice(id=54764, customerId=645, amount=136474926.73, total=587741815.79)
Invoice(id=585378, customerId=646, amount=259380417.47, total=64174274.99)
Invoice(id=597446, customerId=647, amount=710421443.41, total=709413428.27)
Invoice(id=434075, customerId=648, amount=794390385.76, total=148666504.70)
Invoice(id=542481, customerId=649, amount=646219261.22, total=525701293.14)
Invoice(id=791397, customerId=650, amount=115920109.18, total=466414503.60)
Invoice(id=341239, customerId=651, amount=909781084.69, total=270943190.33)
Invoice(id=137042, customerId=652, amount=669123274.59, total=480173197.87)
Invoice(id=735346, customerId=653, amount=111770542.84, total=686699052.62)
Invoice(id=371139, customerId=654, amount=633239636.10, total=2825720.15)
Invoice(id=451431, customerId=655, amount=183383152.71, total=693360329.23)
Invoice(id=443234, customerId=656, amount=949030317.62, total=515752585.84)
Invoice(id=381002, customerId=657, amount=694676496.49, total=547682945.04)
Invoice(id=780834, customerId=658, amount=399842175.56, total=967140894.87)
Invoice(id=918416, customerId=659, amount=812227443.08, total=932395162.07)
Invoice(id=341778, customerId=660, amount=316250979.10, total=700503110.53)
Invoice(id=120331, customerId=661, amount=768188694.76, total=106594927.69)
Invoice(id=990412, customerId=662, amount=398021666.90, total=11066526.23)
Invoice(id=190378, customerId=663, amount=864599546.55, total=442533071.89)
Invoice(id=893014, customerId=664, amount=17033899.60, total=334066820.82)
Invoice(id=227123, customerId=665, amount=450795830.25, total=876141817.66)
Invoice(id=942401, customerId=666, amount=806327188.43, total=867080762.50)
Invoice(id=262794, customerId=667, amount=672642666.71, total=778194817.79)
Invoice(id=91114, customerId=668, amount=783244875.50, total=215322508.87)
Invoice(id=102317, customerId=669, amount=530422421.45, total=647569206.37)
Invoice(id=980390, customerId=670, amount=914457444.96, total=366557421.59)
Invoice(id=506081, customerId=671, amount=242102338.24, total=123340769.90)
Invoice(id=947313, customerId=672, amount=693966459.59, total=944441611.34)
Invoice(id=626122, customerId=673, amount=342698752.40, total=326303329.50)
Invoice(id=611080, customerId=674, amount=90236988.53, total=264852028.77)
Invoice(id=338122, customerId=675, amount=737749779.33, total=311666547.55)
Invoice(id=984085, customerId=676, amount=696766699.43, total=93350389.66)
Invoice(id=64640, customerId=677, amount=132124614.01, total=275884854.24)
Invoice(id=749161, customerId=678, amount=252164426.25, total=404215890.33)
Invoice(id=118268, customerId=679, amount=364382643.49, total=364888338.59)
Invoice(id=519007, customerId=680, amount=208465078.22, total=854448797.40)
Invoice(id=857433, customerId=681, amount=444294386.01, total=258863693.95)
Invoice(id=107436, customerId=682, amount=58719387.48, total=923884057.57)
Invoice(id=447219, customerId=683, amount=489753192.05, total=755199609.08)
Invoice(id=112200, customerId=684, amount=295101131.50, total=851122868.08)
Invoice(id=905747, customerId=685, amount=430785180.76, total=451549425.84)
Invoice(id=101387, customerId=686, amount=513989598.04, total=998750328.24)
Invoice(id=23413, customerId=687, amount=354821190.75, total=865382234.19)
Invoice(id=506584, customerId=688, amount=202966474.27, total=501805617.69)
Invoice(id=370003, customerId=689, amount=412873700.16, total=220451120.66)
Invoice(id=142850, customerId=690, amount=627231568.94, total=271218480.37)
Invoice(id=78644, customerId=691, amount=540131191.35, total=490489553.11)
Invoice(id=66859, customerId=692, amount=579958826.64, total=604523394.55)
Invoice(id=308208, customerId=693, amount=652671326.92, total=51584158.62)
Invoice(id=389117, customerId=694, amount=644288873.52, total=92056261.30)
Invoice(id=128690, customerId=695, amount=437007653.14, total=232764529.53)
Invoice(id=471300, customerId=696, amount=947682883.96, total=810107631.84)
Invoice(id=192518, customerId=697, amount=495283464.06, total=201821842.14)
Invoice(id=369699, customerId=698, amount=8231889.13, total=344161004.12)
Invoice(id=707386, customerId=699, amount=416383434.01, total=606165093.30)
Invoice(id=75560, customerId=700, amount=696905822.50, total=679569234.54)
Invoice(id=71238, customerId=701, amount=763172649.83, total=139595452.08)
Invoice(id=42773, customerId=702, amount=640029785.29, total=902992503.15)
Invoice(id=45788, customerId=703, amount=391058790.40, total=874866069.79)
Invoice(id=660544, customerId=704, amount=17979032.22, total=828890727.75)
Invoice(id=244876, customerId=705, amount=56504531.44, total=288013055.38)
Invoice(id=20967, customerId=706, amount=767215263.28, total=940917695.40)
Invoice(id=103600, customerId=707, amount=497818570.63, total=349855252.51)
Invoice(id=374172, customerId=708, amount=488455678.97, total=334121336.86)
Invoice(id=677812, customerId=709, amount=857057381.46, total=786437275.93)
Invoice(id=287513, customerId=710, amount=358254368.96, total=324331698.00)
Invoice(id=907146, customerId=711, amount=745952821.11, total=29779496.35)
Invoice(id=280443, customerId=712, amount=918249391.18, total=706178492.94)
Invoice(id=11061, customerId=713, amount=306537397.72, total=139838050.08)
Invoice(id=834974, customerId=714, amount=868902373.45, total=876695679.42)
Invoice(id=543039, customerId=715, amount=283780843.10, total=684541202.75)
Invoice(id=161385, customerId=716, amount=331972988.85, total=330211717.81)
Invoice(id=663745, customerId=717, amount=465941298.47, total=722528461.91)
Invoice(id=926677, customerId=718, amount=355254214.25, total=285191779.42)
Invoice(id=105013, customerId=719, amount=701731762.85, total=489975545.00)
Invoice(id=971473, customerId=720, amount=31682732.00, total=852228589.72)
Invoice(id=205364, customerId=721, amount=738176145.20, total=399305558.09)
Invoice(id=136589, customerId=722, amount=629646323.49, total=545580993.12)
Invoice(id=837129, customerId=723, amount=640054178.40, total=465314240.39)
Invoice(id=731486, customerId=724, amount=226846235.62, total=839539197.01)
Invoice(id=338752, customerId=725, amount=80746704.50, total=831556828.50)
Invoice(id=132261, customerId=726, amount=935595886.93, total=447181614.13)
Invoice(id=115838, customerId=727, amount=990979803.13, total=59343096.92)
Invoice(id=686161, customerId=728, amount=980749525.03, total=895430506.54)
Invoice(id=442502, customerId=729, amount=639169849.03, total=334716309.81)
Invoice(id=593765, customerId=730, amount=938369154.33, total=406028559.24)
Invoice(id=257093, customerId=731, amount=29766035.82, total=383272843.76)
Invoice(id=785532, customerId=732, amount=696331159.32, total=371875687.28)
Invoice(id=659011, customerId=733, amount=671788593.01, total=567893670.64)
Invoice(id=203948, customerId=734, amount=273758116.02, total=26154229.48)
Invoice(id=447639, customerId=735, amount=217512354.20, total=115747260.86)
Invoice(id=967229, customerId=736, amount=729776432.03, total=979284429.51)
Invoice(id=524002, customerId=737, amount=949662452.59, total=345778736.34)
Invoice(id=345716, customerId=738, amount=73167065.86, total=313855478.11)
Invoice(id=478581, customerId=739, amount=337169892.25, total=323822497.50)
Invoice(id=510903, customerId=740, amount=70988184.59, total=850482733.65)
Invoice(id=506391, customerId=741, amount=478676608.77, total=636167677.08)
Invoice(id=810453, customerId=742, amount=396322431.68, total=327054595.99)
Invoice(id=215854, customerId=743, amount=246052124.39, total=300533992.50)
Invoice(id=843483, customerId=744, amount=443930111.45, total=798076421.97)
Invoice(id=897225, customerId=745, amount=360565661.03, total=424966661.40)
Invoice(id=210566, customerId=746, amount=956247654.43, total=122941306.27)
Invoice(id=451011, customerId=747, amount=871969036.68, total=45973801.98)
Invoice(id=681481, customerId=748, amount=476044552.25, total=469624761.48)
Invoice(id=498436, customerId=749, amount=552629185.68, total=132082423.22)
Invoice(id=790110, customerId=750, amount=575830372.33, total=501071185.62)
Invoice(id=962192, customerId=751, amount=931914919.38, total=652487579.29)
Invoice(id=796185, customerId=752, amount=85897332.26, total=444565091.57)
Invoice(id=824673, customerId=753, amount=778937598.94, total=457742756.32)
Invoice(id=357866, customerId=754, amount=263556022.23, total=244422354.99)
Invoice(id=730582, customerId=755, amount=557221473.23, total=825390239.27)
Invoice(id=674622, customerId=756, amount=824637826.05, total=820451669.32)
Invoice(id=282258, customerId=757, amount=241537284.90, total=887423391.70)
Invoice(id=636852, customerId=758, amount=489050095.13, total=715202220.49)
Invoice(id=93993, customerId=759, amount=105729547.92, total=697347931.87)
Invoice(id=339414, customerId=760, amount=713251107.63, total=764342531.56)
Invoice(id=565683, customerId=761, amount=958331699.67, total=845508815.48)
Invoice(id=773347, customerId=762, amount=716923230.11, total=703528260.94)
Invoice(id=334014, customerId=763, amount=579421555.80, total=966327407.81)
Invoice(id=180314, customerId=764, amount=98665077.76, total=625720402.54)
Invoice(id=390172, customerId=765, amount=519741349.74, total=781875473.81)
Invoice(id=207999, customerId=766, amount=340564165.53, total=270535462.90)
Invoice(id=666803, customerId=767, amount=627445101.71, total=267089333.36)
Invoice(id=213523, customerId=768, amount=530400346.09, total=93672292.31)
Invoice(id=658115, customerId=769, amount=797544237.89, total=787556456.38)
Invoice(id=234569, customerId=770, amount=205780607.73, total=262853992.24)
Invoice(id=269702, customerId=771, amount=868784063.43, total=872059377.68)
Invoice(id=608745, customerId=772, amount=752677406.91, total=521558397.61)
Invoice(id=614406, customerId=773, amount=911746230.06, total=115240951.84)
Invoice(id=661972, customerId=774, amount=209686443.27, total=445488787.06)
Invoice(id=562064, customerId=775, amount=816964891.69, total=462446962.95)
Invoice(id=736662, customerId=776, amount=225508509.53, total=46293239.55)
Invoice(id=661515, customerId=777, amount=331082314.57, total=417934988.86)
Invoice(id=808783, customerId=778, amount=405946258.66, total=600602224.61)
Invoice(id=631876, customerId=779, amount=436927799.27, total=726309854.87)
Invoice(id=258686, customerId=780, amount=990978931.71, total=857272973.92)
Invoice(id=956237, customerId=781, amount=233360799.99, total=772156736.69)
Invoice(id=102077, customerId=782, amount=738129655.36, total=718107994.74)
Invoice(id=515911, customerId=783, amount=79779243.14, total=904244928.69)
Invoice(id=731326, customerId=784, amount=780693552.31, total=806891383.52)
Invoice(id=607633, customerId=785, amount=435865436.34, total=969877224.95)
Invoice(id=243193, customerId=786, amount=418623167.40, total=666187020.81)
Invoice(id=927658, customerId=787, amount=802795801.00, total=483146932.10)
Invoice(id=954714, customerId=788, amount=477853372.97, total=786651823.55)
Invoice(id=156565, customerId=789, amount=744200911.41, total=893704750.74)
Invoice(id=684496, customerId=790, amount=546452188.11, total=819364619.22)
Invoice(id=227526, customerId=791, amount=877795456.48, total=749294193.24)
Invoice(id=452830, customerId=792, amount=207110625.30, total=499593021.12)
Invoice(id=723333, customerId=793, amount=459883714.50, total=348053291.21)
Invoice(id=808831, customerId=794, amount=755566632.20, total=711069361.52)
Invoice(id=445212, customerId=795, amount=132407038.89, total=352027929.35)
Invoice(id=206685, customerId=796, amount=338946505.23, total=886215191.29)
Invoice(id=459621, customerId=797, amount=505788595.29, total=289587773.11)
Invoice(id=44109, customerId=798, amount=90759779.33, total=314929005.23)
Invoice(id=121545, customerId=799, amount=790222843.50, total=666797987.65)
Invoice(id=446395, customerId=800, amount=179141383.53, total=772746167.93)
Invoice(id=176952, customerId=801, amount=521030514.74, total=16801461.10)
Invoice(id=830475, customerId=802, amount=460527963.34, total=940638613.03)
Invoice(id=710695, customerId=803, amount=847246949.75, total=822781290.70)
Invoice(id=641422, customerId=804, amount=826094038.45, total=81240373.99)
Invoice(id=973280, customerId=805, amount=50488351.03, total=688978672.23)
Invoice(id=230426, customerId=806, amount=615954783.19, total=637620069.31)
Invoice(id=112314, customerId=807, amount=935582694.17, total=40317860.01)
Invoice(id=726146, customerId=808, amount=841434458.78, total=69657453.28)
Invoice(id=52778, customerId=809, amount=728035781.73, total=729881102.87)
Invoice(id=256978, customerId=810, amount=686854688.07, total=800682355.10)
Invoice(id=488676, customerId=811, amount=499522925.82, total=160133130.11)
Invoice(id=707914, customerId=812, amount=507220461.26, total=325303726.76)
Invoice(id=229146, customerId=813, amount=649163554.26, total=628339719.14)
Invoice(id=445213, customerId=814, amount=512793615.11, total=866078183.42)
Invoice(id=547765, customerId=815, amount=279395579.03, total=993560175.01)
Invoice(id=548424, customerId=816, amount=66961128.16, total=507742964.65)
Invoice(id=464540, customerId=817, amount=267123464.25, total=654175379.74)
Invoice(id=541060, customerId=818, amount=647130220.18, total=228649146.73)
Invoice(id=87303, customerId=819, amount=448986062.78, total=624452893.63)
Invoice(id=917551, customerId=820, amount=900619069.46, total=244381778.18)
Invoice(id=113177, customerId=821, amount=143498496.17, total=846688945.69)
Invoice(id=280552, customerId=822, amount=59676040.37, total=951356422.71)
Invoice(id=957648, customerId=823, amount=886828988.22, total=196063491.19)
Invoice(id=999783, customerId=824, amount=774973793.61, total=642169533.14)
Invoice(id=197421, customerId=825, amount=370063393.28, total=664921136.27)
Invoice(id=395164, customerId=826, amount=665412791.27, total=198345335.52)
Invoice(id=515637, customerId=827, amount=1770068.52, total=766552630.77)
Invoice(id=335764, customerId=828, amount=144480837.03, total=618938127.95)
Invoice(id=480451, customerId=829, amount=989000055.46, total=907304075.51)
Invoice(id=285349, customerId=830, amount=467524798.97, total=346590976.14)
Invoice(id=165542, customerId=831, amount=626706740.39, total=796927576.96)
Invoice(id=331281, customerId=832, amount=169004650.21, total=686872540.61)
Invoice(id=628964, customerId=833, amount=620100556.38, total=474349557.35)
Invoice(id=136057, customerId=834, amount=909863326.76, total=515223432.34)
Invoice(id=768189, customerId=835, amount=897615048.32, total=520797884.35)
Invoice(id=27458, customerId=836, amount=136532670.29, total=925780437.07)
Invoice(id=564883, customerId=837, amount=207184558.38, total=109978514.80)
Invoice(id=337349, customerId=838, amount=393176404.98, total=980069417.31)
Invoice(id=910234, customerId=839, amount=286892129.66, total=425235967.41)
Invoice(id=215216, customerId=840, amount=129907350.25, total=952482506.50)
Invoice(id=452219, customerId=841, amount=262285663.87, total=280841880.79)
Invoice(id=420322, customerId=842, amount=285193677.14, total=214588808.14)
Invoice(id=566754, customerId=843, amount=186705914.52, total=340399668.48)
Invoice(id=817495, customerId=844, amount=940062865.80, total=655425937.85)
Invoice(id=291045, customerId=845, amount=402827862.15, total=8003191.48)
Invoice(id=756028, customerId=846, amount=492065852.53, total=101483805.65)
Invoice(id=409275, customerId=847, amount=767227487.42, total=39459963.43)
Invoice(id=950742, customerId=848, amount=918128322.98, total=151364263.99)
Invoice(id=245326, customerId=849, amount=211617669.63, total=178084779.65)
Invoice(id=66853, customerId=850, amount=838927861.28, total=216642756.95)
Invoice(id=925115, customerId=851, amount=493881296.73, total=252237461.55)
Invoice(id=466633, customerId=852, amount=420485071.68, total=931902909.67)
Invoice(id=347284, customerId=853, amount=668243333.01, total=668849742.42)
Invoice(id=153331, customerId=854, amount=901267507.54, total=945590356.62)
Invoice(id=795786, customerId=855, amount=493428009.78, total=500128691.16)
Invoice(id=685313, customerId=856, amount=621213786.33, total=479565025.63)
Invoice(id=280417, customerId=857, amount=932615932.70, total=157558101.58)
Invoice(id=406031, customerId=858, amount=291766269.90, total=115612017.15)
Invoice(id=50541, customerId=859, amount=689554758.66, total=563614261.19)
Invoice(id=422463, customerId=860, amount=344438974.73, total=302410756.02)
Invoice(id=988602, customerId=861, amount=129636282.88, total=191569460.73)
Invoice(id=324373, customerId=862, amount=343539487.89, total=402536938.59)
Invoice(id=312937, customerId=863, amount=906573614.66, total=50300840.79)
Invoice(id=727109, customerId=864, amount=822427314.99, total=753053198.52)
Invoice(id=337370, customerId=865, amount=224249078.45, total=286810315.44)
Invoice(id=821233, customerId=866, amount=299598731.94, total=844074709.46)
Invoice(id=512859, customerId=867, amount=565431936.30, total=665495053.43)
Invoice(id=849808, customerId=868, amount=865959705.70, total=469751538.91)
Invoice(id=730430, customerId=869, amount=982715634.37, total=355069479.21)
Invoice(id=356700, customerId=870, amount=466543720.97, total=635697158.13)
Invoice(id=815612, customerId=871, amount=9083304.10, total=620512440.40)
Invoice(id=376919, customerId=872, amount=165110420.78, total=958118302.11)
Invoice(id=933644, customerId=873, amount=296124698.47, total=292649069.61)
Invoice(id=92725, customerId=874, amount=954875650.15, total=347043001.65)
Invoice(id=449389, customerId=875, amount=654220585.85, total=262316922.80)
Invoice(id=708347, customerId=876, amount=606889859.14, total=154221747.51)
Invoice(id=251857, customerId=877, amount=907945839.98, total=982917467.18)
Invoice(id=452107, customerId=878, amount=577070127.12, total=309476895.55)
Invoice(id=858515, customerId=879, amount=622210098.36, total=901826150.53)
Invoice(id=871933, customerId=880, amount=385654809.42, total=759586393.51)
Invoice(id=382356, customerId=881, amount=824103840.99, total=419218350.37)
Invoice(id=10257, customerId=882, amount=567386017.06, total=974508308.99)
Invoice(id=184505, customerId=883, amount=983354504.32, total=168946858.84)
Invoice(id=695050, customerId=884, amount=671022068.25, total=449314817.47)
Invoice(id=72709, customerId=885, amount=790104917.05, total=219060940.62)
Invoice(id=87710, customerId=886, amount=219878443.60, total=400687293.48)
Invoice(id=915188, customerId=887, amount=377557707.27, total=308859326.30)
Invoice(id=912395, customerId=888, amount=813074453.95, total=86377867.36)
Invoice(id=343309, customerId=889, amount=323452711.66, total=784163935.43)
Invoice(id=454008, customerId=890, amount=874913774.86, total=111342044.70)
Invoice(id=3750, customerId=891, amount=163752844.78, total=899367457.15)
Invoice(id=639367, customerId=892, amount=912929439.22, total=1210714.84)
Invoice(id=345220, customerId=893, amount=781518533.18, total=525247715.69)
Invoice(id=56514, customerId=894, amount=349539392.85, total=229506974.35)
Invoice(id=612988, customerId=895, amount=204709627.27, total=237592282.74)
Invoice(id=498885, customerId=896, amount=261584567.52, total=421731104.00)
Invoice(id=558572, customerId=897, amount=981992636.96, total=136350675.48)
Invoice(id=203563, customerId=898, amount=663896862.42, total=232306551.73)
Invoice(id=371761, customerId=899, amount=436146490.66, total=96486317.95)
Invoice(id=565305, customerId=900, amount=669644596.50, total=480248012.67)
Invoice(id=668717, customerId=901, amount=701385015.48, total=343221798.56)
Invoice(id=68663, customerId=902, amount=12531675.40, total=213034457.34)
Invoice(id=974898, customerId=903, amount=610643901.51, total=898222861.69)
Invoice(id=634549, customerId=904, amount=323633647.45, total=791773886.89)
Invoice(id=329849, customerId=905, amount=482943942.96, total=234306453.62)
Invoice(id=293107, customerId=906, amount=776895687.21, total=363320956.49)
Invoice(id=755797, customerId=907, amount=437854621.52, total=973966489.77)
Invoice(id=560193, customerId=908, amount=275531723.73, total=267863821.66)
Invoice(id=316408, customerId=909, amount=782918165.78, total=264952140.81)
Invoice(id=673920, customerId=910, amount=711848006.37, total=466116841.82)
Invoice(id=119705, customerId=911, amount=21952399.63, total=992063460.90)
Invoice(id=632103, customerId=912, amount=948145237.16, total=290336537.62)
Invoice(id=619302, customerId=913, amount=673451350.82, total=131181117.25)
Invoice(id=664974, customerId=914, amount=594647379.11, total=573425384.73)
Invoice(id=907968, customerId=915, amount=503238578.88, total=560870778.39)
Invoice(id=443660, customerId=916, amount=428576366.13, total=746271879.05)
Invoice(id=364347, customerId=917, amount=320747907.80, total=307021051.31)
Invoice(id=296694, customerId=918, amount=792644555.26, total=577152396.84)
Invoice(id=686022, customerId=919, amount=735227992.14, total=811891157.26)
Invoice(id=162868, customerId=920, amount=78861806.11, total=190218180.63)
Invoice(id=437653, customerId=921, amount=964797602.43, total=54968845.03)
Invoice(id=176159, customerId=922, amount=959091232.85, total=152246494.83)
Invoice(id=363049, customerId=923, amount=286719286.26, total=383198477.34)
Invoice(id=319893, customerId=924, amount=81325154.05, total=318145245.72)
Invoice(id=399915, customerId=925, amount=803666553.79, total=68957980.04)
Invoice(id=277288, customerId=926, amount=395806318.27, total=577566021.71)
Invoice(id=478748, customerId=927, amount=828960123.14, total=236300149.56)
Invoice(id=488535, customerId=928, amount=507364981.02, total=775112700.87)
Invoice(id=536047, customerId=929, amount=934713451.63, total=421574344.96)
Invoice(id=335350, customerId=930, amount=484992566.40, total=526365635.57)
Invoice(id=572059, customerId=931, amount=76142698.46, total=565108271.54)
Invoice(id=357349, customerId=932, amount=7295310.25, total=322372538.73)
Invoice(id=18451, customerId=933, amount=913821545.40, total=949385419.47)
Invoice(id=805129, customerId=934, amount=954261873.51, total=724664924.03)
Invoice(id=54429, customerId=935, amount=293767078.01, total=66011138.31)
Invoice(id=927446, customerId=936, amount=996096771.09, total=572511262.77)
Invoice(id=715354, customerId=937, amount=657524210.31, total=422260303.39)
Invoice(id=415493, customerId=938, amount=803649247.95, total=826761572.02)
Invoice(id=958324, customerId=939, amount=569161524.39, total=319622602.07)
Invoice(id=117221, customerId=940, amount=301487669.21, total=705810280.15)
Invoice(id=817290, customerId=941, amount=992571911.20, total=937852043.41)
Invoice(id=424725, customerId=942, amount=497938859.66, total=886713385.93)
Invoice(id=544830, customerId=943, amount=884293050.22, total=460408544.63)
Invoice(id=622014, customerId=944, amount=97261508.89, total=233299204.94)
Invoice(id=733268, customerId=945, amount=149024920.97, total=588151265.27)
Invoice(id=476380, customerId=946, amount=525938156.75, total=90976904.41)
Invoice(id=196019, customerId=947, amount=491174173.94, total=935003696.72)
Invoice(id=206987, customerId=948, amount=753355847.83, total=161538090.32)
Invoice(id=312520, customerId=949, amount=48950026.18, total=420651574.79)
Invoice(id=731964, customerId=950, amount=900142380.99, total=565100844.12)
Invoice(id=674915, customerId=951, amount=136939390.68, total=518235596.51)
Invoice(id=516968, customerId=952, amount=482220186.59, total=903416461.58)
Invoice(id=675181, customerId=953, amount=722654061.91, total=429504800.11)
Invoice(id=387427, customerId=954, amount=310178936.60, total=687882010.58)
Invoice(id=872491, customerId=955, amount=644544739.29, total=652862379.44)
Invoice(id=133469, customerId=956, amount=368462621.44, total=414162926.60)
Invoice(id=804326, customerId=957, amount=515093357.51, total=996711660.26)
Invoice(id=997191, customerId=958, amount=617119839.52, total=792938609.28)
Invoice(id=307595, customerId=959, amount=204079957.99, total=53612409.19)
Invoice(id=568166, customerId=960, amount=316059991.63, total=286852308.04)
Invoice(id=63464, customerId=961, amount=379480395.93, total=810784040.62)
Invoice(id=34556, customerId=962, amount=769538455.43, total=712207595.12)
Invoice(id=445789, customerId=963, amount=270531166.75, total=496898379.60)
Invoice(id=742212, customerId=964, amount=613523994.65, total=627700614.85)
Invoice(id=586564, customerId=965, amount=703994170.27, total=567862136.57)
Invoice(id=310631, customerId=966, amount=863395811.97, total=603171301.89)
Invoice(id=943374, customerId=967, amount=52261909.87, total=270947883.45)
Invoice(id=301154, customerId=968, amount=488485184.54, total=120449528.30)
Invoice(id=244542, customerId=969, amount=255273175.02, total=123407479.37)
Invoice(id=260307, customerId=970, amount=26836376.68, total=949687705.32)
Invoice(id=451465, customerId=971, amount=394107662.58, total=922236218.32)
Invoice(id=508009, customerId=972, amount=4381616.18, total=495183166.91)
Invoice(id=91616, customerId=973, amount=38961314.47, total=384534555.14)
Invoice(id=645517, customerId=974, amount=285301851.20, total=371303893.59)
Invoice(id=975774, customerId=975, amount=995315721.92, total=477227081.35)
Invoice(id=231, customerId=976, amount=181186594.52, total=286941352.65)
Invoice(id=185279, customerId=977, amount=590699026.35, total=698550601.24)
Invoice(id=305666, customerId=978, amount=126098689.72, total=126998089.83)
Invoice(id=976834, customerId=979, amount=280935972.69, total=853570306.69)
Invoice(id=902814, customerId=980, amount=485230746.88, total=426846468.74)
Invoice(id=497830, customerId=981, amount=699253498.11, total=455104518.94)
Invoice(id=872901, customerId=982, amount=938724749.85, total=486997547.39)
Invoice(id=490149, customerId=983, amount=556436635.02, total=574144243.82)
Invoice(id=124463, customerId=984, amount=975091542.18, total=981786265.08)
Invoice(id=734973, customerId=985, amount=635465586.57, total=186316246.42)
Invoice(id=434509, customerId=986, amount=215094829.38, total=83555182.69)
Invoice(id=644169, customerId=987, amount=401779538.42, total=489825915.19)
Invoice(id=218013, customerId=988, amount=218920659.25, total=498864438.64)
Invoice(id=114729, customerId=989, amount=345648919.38, total=562427338.98)
Invoice(id=525510, customerId=990, amount=966238605.61, total=56560395.61)
Invoice(id=49535, customerId=991, amount=150029568.90, total=471417024.78)
Invoice(id=790353, customerId=992, amount=613849474.56, total=585443456.94)
Invoice(id=775638, customerId=993, amount=888802031.24, total=172536527.31)
Invoice(id=782897, customerId=994, amount=646695646.16, total=588668471.06)
Invoice(id=439486, customerId=995, amount=257607198.71, total=335349708.13)
Invoice(id=832022, customerId=996, amount=766440185.08, total=317243834.81)
Invoice(id=276502, customerId=997, amount=767241516.81, total=136593536.90)
Invoice(id=590806, customerId=998, amount=876003650.37, total=206243516.14)
Invoice(id=631673, customerId=999, amount=677591125.69, total=884358680.02)
Invoice(id=888295, customerId=1000, amount=676608662.39, total=381079037.51)
